

<html>
<head>

    <title>.NET Framework Class Browser</title>
    <link rel="stylesheet" href="../classstyle.css">

    

</head>
<body>
  <form name="_ctl0" method="post" action="classbrowser.aspx?namespace=System.Xml" id="_ctl0">
<input type="hidden" name="__VIEWSTATE" value="dDwzNDM0MjE2Mzg7dDw7bDxpPDI+Oz47bDx0PDtsPGk8NT47PjtsPHQ8O2w8aTwxPjtpPDU+Oz47bDx0PHA8bDxWaXNpYmxlOz47bDxvPHQ+Oz4+Ozs+O3Q8cDxsPFZpc2libGU7PjtsPG88dD47Pj47Oz47Pj47Pj47Pj47PnMdKGf9EV3gEzQegK14wWd4t4AL" />

    <table class="top" width=100% height="40" cellpadding=0 cellspacing=0>
      <tr>
        <td bgcolor=#000666>
          <b><font size=5 color=white>.NET Framework Class Browser</b>
        </td>
      </tr>
    </table>
<!-- ads -->
<table border=0 width=100%><tr>
<td><font size="2"><a href="http://www.qksrv.net/click-1412236-1200206" target="_top" onmouseover="window.status='http://www.ipowerweb.com';return true;"
onmouseout="window.status=' ';return true;">iPowerWeb - Powerful hosting solution</a></font>&nbsp;<font face="arial" color=black size="-2"><a href='http://www.dotnetspider.com' title='Offshore software development and C# tutorials' target="_blank">Offshore development</a></font></td>
<td>
<script type="text/javascript"><!--
google_ad_client = "pub-0076865331555287";
google_ad_width = 468;
google_ad_height = 60;
google_ad_format = "468x60_as";
google_ad_channel ="4947847551";
google_color_border = "FFFFFF";
google_color_bg = "FFFFFF";
google_color_link = "0033CC";
google_color_url = "000000";
google_color_text = "000000";
//--></script>
<script type="text/javascript"
  src="http://pagead2.googlesyndication.com/pagead/show_ads.js">
</script></td></tr></table>
<!--/ads -->
    <table width=100% height=700 cellpadding=0 cellspacing=0>
      <tr>
        <td width=25% bgcolor=#CCCCFF valign=top >
          <br>
            <span id="Namespace1"><span><font size="3">
                <div left-margin="10">  <font size=4> <b>Namespaces</b>  </font> <br>
              </font></span><br><span><font size="2">
                <a href="classbrowser.aspx?namespace=Microsoft.CSharp">Microsoft.CSharp</a>
              </font></span><br><span><font size="2">
                <a href="classbrowser.aspx?namespace=Microsoft.VisualBasic">Microsoft.VisualBasic</a>
              </font></span><br><span><font size="2">
                <a href="classbrowser.aspx?namespace=Microsoft.Win32">Microsoft.Win32</a>
              </font></span><br><span><font size="2">
                <a href="classbrowser.aspx?namespace=System">System</a>
              </font></span><br><span><font size="2">
                <a href="classbrowser.aspx?namespace=System.CodeDom">System.CodeDom</a>
              </font></span><br><span><font size="2">
                <a href="classbrowser.aspx?namespace=System.CodeDom.Compiler">System.CodeDom.Compiler</a>
              </font></span><br><span><font size="2">
                <a href="classbrowser.aspx?namespace=System.Collections">System.Collections</a>
              </font></span><br><span><font size="2">
                <a href="classbrowser.aspx?namespace=System.Collections.Specialized">System.Collections.Specialized</a>
              </font></span><br><span><font size="2">
                <a href="classbrowser.aspx?namespace=System.ComponentModel">System.ComponentModel</a>
              </font></span><br><span><font size="2">
                <a href="classbrowser.aspx?namespace=System.ComponentModel.Design">System.ComponentModel.Design</a>
              </font></span><br><span><font size="2">
                <a href="classbrowser.aspx?namespace=System.ComponentModel.Design.Serialization">System.ComponentModel.Design.Serialization</a>
              </font></span><br><span><font size="2">
                <a href="classbrowser.aspx?namespace=System.Configuration">System.Configuration</a>
              </font></span><br><span><font size="2">
                <a href="classbrowser.aspx?namespace=System.Configuration.Assemblies">System.Configuration.Assemblies</a>
              </font></span><br><span><font size="2">
                <a href="classbrowser.aspx?namespace=System.Data">System.Data</a>
              </font></span><br><span><font size="2">
                <a href="classbrowser.aspx?namespace=System.Data.Common">System.Data.Common</a>
              </font></span><br><span><font size="2">
                <a href="classbrowser.aspx?namespace=System.Data.Odbc">System.Data.Odbc</a>
              </font></span><br><span><font size="2">
                <a href="classbrowser.aspx?namespace=System.Data.OleDb">System.Data.OleDb</a>
              </font></span><br><span><font size="2">
                <a href="classbrowser.aspx?namespace=System.Data.SqlClient">System.Data.SqlClient</a>
              </font></span><br><span><font size="2">
                <a href="classbrowser.aspx?namespace=System.Data.SqlTypes">System.Data.SqlTypes</a>
              </font></span><br><span><font size="2">
                <a href="classbrowser.aspx?namespace=System.Diagnostics">System.Diagnostics</a>
              </font></span><br><span><font size="2">
                <a href="classbrowser.aspx?namespace=System.Diagnostics.SymbolStore">System.Diagnostics.SymbolStore</a>
              </font></span><br><span><font size="2">
                <a href="classbrowser.aspx?namespace=System.DirectoryServices">System.DirectoryServices</a>
              </font></span><br><span><font size="2">
                <a href="classbrowser.aspx?namespace=System.Drawing">System.Drawing</a>
              </font></span><br><span><font size="2">
                <a href="classbrowser.aspx?namespace=System.Drawing.Design">System.Drawing.Design</a>
              </font></span><br><span><font size="2">
                <a href="classbrowser.aspx?namespace=System.Drawing.Drawing2D">System.Drawing.Drawing2D</a>
              </font></span><br><span><font size="2">
                <a href="classbrowser.aspx?namespace=System.Drawing.Imaging">System.Drawing.Imaging</a>
              </font></span><br><span><font size="2">
                <a href="classbrowser.aspx?namespace=System.Drawing.Printing">System.Drawing.Printing</a>
              </font></span><br><span><font size="2">
                <a href="classbrowser.aspx?namespace=System.Drawing.Text">System.Drawing.Text</a>
              </font></span><br><span><font size="2">
                <a href="classbrowser.aspx?namespace=System.Globalization">System.Globalization</a>
              </font></span><br><span><font size="2">
                <a href="classbrowser.aspx?namespace=System.IO">System.IO</a>
              </font></span><br><span><font size="2">
                <a href="classbrowser.aspx?namespace=System.IO.IsolatedStorage">System.IO.IsolatedStorage</a>
              </font></span><br><span><font size="2">
                <a href="classbrowser.aspx?namespace=System.Messaging">System.Messaging</a>
              </font></span><br><span><font size="2">
                <a href="classbrowser.aspx?namespace=System.Messaging.Design">System.Messaging.Design</a>
              </font></span><br><span><font size="2">
                <a href="classbrowser.aspx?namespace=System.Net">System.Net</a>
              </font></span><br><span><font size="2">
                <a href="classbrowser.aspx?namespace=System.Net.Sockets">System.Net.Sockets</a>
              </font></span><br><span><font size="2">
                <a href="classbrowser.aspx?namespace=System.Reflection">System.Reflection</a>
              </font></span><br><span><font size="2">
                <a href="classbrowser.aspx?namespace=System.Reflection.Emit">System.Reflection.Emit</a>
              </font></span><br><span><font size="2">
                <a href="classbrowser.aspx?namespace=System.Resources">System.Resources</a>
              </font></span><br><span><font size="2">
                <a href="classbrowser.aspx?namespace=System.Runtime.CompilerServices">System.Runtime.CompilerServices</a>
              </font></span><br><span><font size="2">
                <a href="classbrowser.aspx?namespace=System.Runtime.InteropServices">System.Runtime.InteropServices</a>
              </font></span><br><span><font size="2">
                <a href="classbrowser.aspx?namespace=System.Runtime.InteropServices.Expando">System.Runtime.InteropServices.Expando</a>
              </font></span><br><span><font size="2">
                <a href="classbrowser.aspx?namespace=System.Runtime.Remoting">System.Runtime.Remoting</a>
              </font></span><br><span><font size="2">
                <a href="classbrowser.aspx?namespace=System.Runtime.Remoting.Activation">System.Runtime.Remoting.Activation</a>
              </font></span><br><span><font size="2">
                <a href="classbrowser.aspx?namespace=System.Runtime.Remoting.Channels">System.Runtime.Remoting.Channels</a>
              </font></span><br><span><font size="2">
                <a href="classbrowser.aspx?namespace=System.Runtime.Remoting.Contexts">System.Runtime.Remoting.Contexts</a>
              </font></span><br><span><font size="2">
                <a href="classbrowser.aspx?namespace=System.Runtime.Remoting.Lifetime">System.Runtime.Remoting.Lifetime</a>
              </font></span><br><span><font size="2">
                <a href="classbrowser.aspx?namespace=System.Runtime.Remoting.Messaging">System.Runtime.Remoting.Messaging</a>
              </font></span><br><span><font size="2">
                <a href="classbrowser.aspx?namespace=System.Runtime.Remoting.Metadata">System.Runtime.Remoting.Metadata</a>
              </font></span><br><span><font size="2">
                <a href="classbrowser.aspx?namespace=System.Runtime.Remoting.Metadata.W3cXsd2001">System.Runtime.Remoting.Metadata.W3cXsd2001</a>
              </font></span><br><span><font size="2">
                <a href="classbrowser.aspx?namespace=System.Runtime.Remoting.Proxies">System.Runtime.Remoting.Proxies</a>
              </font></span><br><span><font size="2">
                <a href="classbrowser.aspx?namespace=System.Runtime.Remoting.Services">System.Runtime.Remoting.Services</a>
              </font></span><br><span><font size="2">
                <a href="classbrowser.aspx?namespace=System.Runtime.Serialization">System.Runtime.Serialization</a>
              </font></span><br><span><font size="2">
                <a href="classbrowser.aspx?namespace=System.Runtime.Serialization.Formatters">System.Runtime.Serialization.Formatters</a>
              </font></span><br><span><font size="2">
                <a href="classbrowser.aspx?namespace=System.Runtime.Serialization.Formatters.Binary">System.Runtime.Serialization.Formatters.Binary</a>
              </font></span><br><span><font size="2">
                <a href="classbrowser.aspx?namespace=System.Security">System.Security</a>
              </font></span><br><span><font size="2">
                <a href="classbrowser.aspx?namespace=System.Security.Cryptography">System.Security.Cryptography</a>
              </font></span><br><span><font size="2">
                <a href="classbrowser.aspx?namespace=System.Security.Cryptography.X509Certificates">System.Security.Cryptography.X509Certificates</a>
              </font></span><br><span><font size="2">
                <a href="classbrowser.aspx?namespace=System.Security.Permissions">System.Security.Permissions</a>
              </font></span><br><span><font size="2">
                <a href="classbrowser.aspx?namespace=System.Security.Policy">System.Security.Policy</a>
              </font></span><br><span><font size="2">
                <a href="classbrowser.aspx?namespace=System.Security.Principal">System.Security.Principal</a>
              </font></span><br><span><font size="2">
                <a href="classbrowser.aspx?namespace=System.Text">System.Text</a>
              </font></span><br><span><font size="2">
                <a href="classbrowser.aspx?namespace=System.Text.RegularExpressions">System.Text.RegularExpressions</a>
              </font></span><br><span><font size="2">
                <a href="classbrowser.aspx?namespace=System.Threading">System.Threading</a>
              </font></span><br><span><font size="2">
                <a href="classbrowser.aspx?namespace=System.Timers">System.Timers</a>
              </font></span><br><span><font size="2">
                <a href="classbrowser.aspx?namespace=System.Web">System.Web</a>
              </font></span><br><span><font size="2">
                <a href="classbrowser.aspx?namespace=System.Web.Caching">System.Web.Caching</a>
              </font></span><br><span><font size="2">
                <a href="classbrowser.aspx?namespace=System.Web.Configuration">System.Web.Configuration</a>
              </font></span><br><span><font size="2">
                <a href="classbrowser.aspx?namespace=System.Web.Handlers">System.Web.Handlers</a>
              </font></span><br><span><font size="2">
                <a href="classbrowser.aspx?namespace=System.Web.Hosting">System.Web.Hosting</a>
              </font></span><br><span><font size="2">
                <a href="classbrowser.aspx?namespace=System.Web.Mail">System.Web.Mail</a>
              </font></span><br><span><font size="2">
                <a href="classbrowser.aspx?namespace=System.Web.Security">System.Web.Security</a>
              </font></span><br><span><font size="2">
                <a href="classbrowser.aspx?namespace=System.Web.SessionState">System.Web.SessionState</a>
              </font></span><br><span><font size="2">
                <a href="classbrowser.aspx?namespace=System.Web.UI">System.Web.UI</a>
              </font></span><br><span><font size="2">
                <a href="classbrowser.aspx?namespace=System.Web.UI.HtmlControls">System.Web.UI.HtmlControls</a>
              </font></span><br><span><font size="2">
                <a href="classbrowser.aspx?namespace=System.Web.UI.WebControls">System.Web.UI.WebControls</a>
              </font></span><br><span><font size="2">
                <a href="classbrowser.aspx?namespace=System.Web.Util">System.Web.Util</a>
              </font></span><br><span><font size="2">
                <a href="classbrowser.aspx?namespace=System.Windows.Forms">System.Windows.Forms</a>
              </font></span><br><span><font size="2">
                <a href="classbrowser.aspx?namespace=System.Windows.Forms.ComponentModel.Com2Interop">System.Windows.Forms.ComponentModel.Com2Interop</a>
              </font></span><br><span><font size="2">
                <a href="classbrowser.aspx?namespace=System.Windows.Forms.Design">System.Windows.Forms.Design</a>
              </font></span><br><span><font size="2">
                <a href="classbrowser.aspx?namespace=System.Windows.Forms.PropertyGridInternal">System.Windows.Forms.PropertyGridInternal</a>
              </font></span><br><span><font size="2">
                <a href="classbrowser.aspx?namespace=System.Xml">System.Xml</a>
              </font></span><br><span><font size="2">
                <a href="classbrowser.aspx?namespace=System.Xml.Schema">System.Xml.Schema</a>
              </font></span><br><span><font size="2">
                <a href="classbrowser.aspx?namespace=System.Xml.Serialization">System.Xml.Serialization</a>
              </font></span><br><span><font size="2">
                <a href="classbrowser.aspx?namespace=System.Xml.XPath">System.Xml.XPath</a>
              </font></span><br><span><font size="2">
                <a href="classbrowser.aspx?namespace=System.Xml.Xsl">System.Xml.Xsl</a>
              </font></span></span>
            <p>
        </td>

        <td valign=top >

         

          <div id="NameSpacePanel">

          <table class="main" width=100%>
            <tr>
              <td class="main_header">
                <span id="CHeader" style="text-indent:8"> <b><font size=4 color=#000666>Classes in
                  System.Xml  </b> </font></span>
              </td>
            </tr>
            <tr>
              <td align="left">
                <table id="Classes" cellspacing="0" border="0">
	<tr>
		<td>
                    <a href="classbrowser.aspx?assembly=System.Xml, Version=1.0.5000.0, Culture=neutral, PublicKeyToken=b77a5c561934e089&amp;namespace=System.Xml&amp;class=EntityHandling">EntityHandling</a>
                  </td><td>
                    <a href="classbrowser.aspx?assembly=System.Xml, Version=1.0.5000.0, Culture=neutral, PublicKeyToken=b77a5c561934e089&amp;namespace=System.Xml&amp;class=XmlElement">XmlElement</a>
                  </td><td>
                    <a href="classbrowser.aspx?assembly=System.Xml, Version=1.0.5000.0, Culture=neutral, PublicKeyToken=b77a5c561934e089&amp;namespace=System.Xml&amp;class=XmlNotation">XmlNotation</a>
                  </td>
	</tr><tr>
		<td>
                    <a href="classbrowser.aspx?assembly=System.Xml, Version=1.0.5000.0, Culture=neutral, PublicKeyToken=b77a5c561934e089&amp;namespace=System.Xml&amp;class=Formatting">Formatting</a>
                  </td><td>
                    <a href="classbrowser.aspx?assembly=System.Xml, Version=1.0.5000.0, Culture=neutral, PublicKeyToken=b77a5c561934e089&amp;namespace=System.Xml&amp;class=XmlEntity">XmlEntity</a>
                  </td><td>
                    <a href="classbrowser.aspx?assembly=System.Xml, Version=1.0.5000.0, Culture=neutral, PublicKeyToken=b77a5c561934e089&amp;namespace=System.Xml&amp;class=XmlParserContext">XmlParserContext</a>
                  </td>
	</tr><tr>
		<td>
                    <a href="classbrowser.aspx?assembly=System.Xml, Version=1.0.5000.0, Culture=neutral, PublicKeyToken=b77a5c561934e089&amp;namespace=System.Xml&amp;class=NameTable">NameTable</a>
                  </td><td>
                    <a href="classbrowser.aspx?assembly=System.Xml, Version=1.0.5000.0, Culture=neutral, PublicKeyToken=b77a5c561934e089&amp;namespace=System.Xml&amp;class=XmlEntityReference">XmlEntityReference</a>
                  </td><td>
                    <a href="classbrowser.aspx?assembly=System.Xml, Version=1.0.5000.0, Culture=neutral, PublicKeyToken=b77a5c561934e089&amp;namespace=System.Xml&amp;class=XmlProcessingInstruction">XmlProcessingInstruction</a>
                  </td>
	</tr><tr>
		<td>
                    <a href="classbrowser.aspx?assembly=System.Xml, Version=1.0.5000.0, Culture=neutral, PublicKeyToken=b77a5c561934e089&amp;namespace=System.Xml&amp;class=ReadState">ReadState</a>
                  </td><td>
                    <a href="classbrowser.aspx?assembly=System.Xml, Version=1.0.5000.0, Culture=neutral, PublicKeyToken=b77a5c561934e089&amp;namespace=System.Xml&amp;class=XmlException">XmlException</a>
                  </td><td>
                    <a href="classbrowser.aspx?assembly=System.Xml, Version=1.0.5000.0, Culture=neutral, PublicKeyToken=b77a5c561934e089&amp;namespace=System.Xml&amp;class=XmlQualifiedName">XmlQualifiedName</a>
                  </td>
	</tr><tr>
		<td>
                    <a href="classbrowser.aspx?assembly=System.Xml, Version=1.0.5000.0, Culture=neutral, PublicKeyToken=b77a5c561934e089&amp;namespace=System.Xml&amp;class=ValidationType">ValidationType</a>
                  </td><td>
                    <a href="classbrowser.aspx?assembly=System.Xml, Version=1.0.5000.0, Culture=neutral, PublicKeyToken=b77a5c561934e089&amp;namespace=System.Xml&amp;class=XmlImplementation">XmlImplementation</a>
                  </td><td>
                    <a href="classbrowser.aspx?assembly=System.Xml, Version=1.0.5000.0, Culture=neutral, PublicKeyToken=b77a5c561934e089&amp;namespace=System.Xml&amp;class=XmlReader">XmlReader</a>
                  </td>
	</tr><tr>
		<td>
                    <a href="classbrowser.aspx?assembly=System.Xml, Version=1.0.5000.0, Culture=neutral, PublicKeyToken=b77a5c561934e089&amp;namespace=System.Xml&amp;class=WhitespaceHandling">WhitespaceHandling</a>
                  </td><td>
                    <a href="classbrowser.aspx?assembly=System.Xml, Version=1.0.5000.0, Culture=neutral, PublicKeyToken=b77a5c561934e089&amp;namespace=System.Xml&amp;class=XmlLinkedNode">XmlLinkedNode</a>
                  </td><td>
                    <a href="classbrowser.aspx?assembly=System.Xml, Version=1.0.5000.0, Culture=neutral, PublicKeyToken=b77a5c561934e089&amp;namespace=System.Xml&amp;class=XmlResolver">XmlResolver</a>
                  </td>
	</tr><tr>
		<td>
                    <a href="classbrowser.aspx?assembly=System.Xml, Version=1.0.5000.0, Culture=neutral, PublicKeyToken=b77a5c561934e089&amp;namespace=System.Xml&amp;class=WriteState">WriteState</a>
                  </td><td>
                    <a href="classbrowser.aspx?assembly=System.Xml, Version=1.0.5000.0, Culture=neutral, PublicKeyToken=b77a5c561934e089&amp;namespace=System.Xml&amp;class=XmlNamedNodeMap">XmlNamedNodeMap</a>
                  </td><td>
                    <a href="classbrowser.aspx?assembly=System.Xml, Version=1.0.5000.0, Culture=neutral, PublicKeyToken=b77a5c561934e089&amp;namespace=System.Xml&amp;class=XmlSecureResolver">XmlSecureResolver</a>
                  </td>
	</tr><tr>
		<td>
                    <a href="classbrowser.aspx?assembly=System.Xml, Version=1.0.5000.0, Culture=neutral, PublicKeyToken=b77a5c561934e089&amp;namespace=System.Xml&amp;class=XmlAttribute">XmlAttribute</a>
                  </td><td>
                    <a href="classbrowser.aspx?assembly=System.Xml, Version=1.0.5000.0, Culture=neutral, PublicKeyToken=b77a5c561934e089&amp;namespace=System.Xml&amp;class=XmlNamespaceManager">XmlNamespaceManager</a>
                  </td><td>
                    <a href="classbrowser.aspx?assembly=System.Xml, Version=1.0.5000.0, Culture=neutral, PublicKeyToken=b77a5c561934e089&amp;namespace=System.Xml&amp;class=XmlSignificantWhitespace">XmlSignificantWhitespace</a>
                  </td>
	</tr><tr>
		<td>
                    <a href="classbrowser.aspx?assembly=System.Xml, Version=1.0.5000.0, Culture=neutral, PublicKeyToken=b77a5c561934e089&amp;namespace=System.Xml&amp;class=XmlAttributeCollection">XmlAttributeCollection</a>
                  </td><td>
                    <a href="classbrowser.aspx?assembly=System.Xml, Version=1.0.5000.0, Culture=neutral, PublicKeyToken=b77a5c561934e089&amp;namespace=System.Xml&amp;class=XmlNameTable">XmlNameTable</a>
                  </td><td>
                    <a href="classbrowser.aspx?assembly=System.Xml, Version=1.0.5000.0, Culture=neutral, PublicKeyToken=b77a5c561934e089&amp;namespace=System.Xml&amp;class=XmlSpace">XmlSpace</a>
                  </td>
	</tr><tr>
		<td>
                    <a href="classbrowser.aspx?assembly=System.Xml, Version=1.0.5000.0, Culture=neutral, PublicKeyToken=b77a5c561934e089&amp;namespace=System.Xml&amp;class=XmlCDataSection">XmlCDataSection</a>
                  </td><td>
                    <a href="classbrowser.aspx?assembly=System.Xml, Version=1.0.5000.0, Culture=neutral, PublicKeyToken=b77a5c561934e089&amp;namespace=System.Xml&amp;class=XmlNode">XmlNode</a>
                  </td><td>
                    <a href="classbrowser.aspx?assembly=System.Xml, Version=1.0.5000.0, Culture=neutral, PublicKeyToken=b77a5c561934e089&amp;namespace=System.Xml&amp;class=XmlText">XmlText</a>
                  </td>
	</tr><tr>
		<td>
                    <a href="classbrowser.aspx?assembly=System.Xml, Version=1.0.5000.0, Culture=neutral, PublicKeyToken=b77a5c561934e089&amp;namespace=System.Xml&amp;class=XmlCharacterData">XmlCharacterData</a>
                  </td><td>
                    <a href="classbrowser.aspx?assembly=System.Xml, Version=1.0.5000.0, Culture=neutral, PublicKeyToken=b77a5c561934e089&amp;namespace=System.Xml&amp;class=XmlNodeChangedAction">XmlNodeChangedAction</a>
                  </td><td>
                    <a href="classbrowser.aspx?assembly=System.Xml, Version=1.0.5000.0, Culture=neutral, PublicKeyToken=b77a5c561934e089&amp;namespace=System.Xml&amp;class=XmlTextReader">XmlTextReader</a>
                  </td>
	</tr><tr>
		<td>
                    <a href="classbrowser.aspx?assembly=System.Xml, Version=1.0.5000.0, Culture=neutral, PublicKeyToken=b77a5c561934e089&amp;namespace=System.Xml&amp;class=XmlComment">XmlComment</a>
                  </td><td>
                    <a href="classbrowser.aspx?assembly=System.Xml, Version=1.0.5000.0, Culture=neutral, PublicKeyToken=b77a5c561934e089&amp;namespace=System.Xml&amp;class=XmlNodeChangedEventArgs">XmlNodeChangedEventArgs</a>
                  </td><td>
                    <a href="classbrowser.aspx?assembly=System.Xml, Version=1.0.5000.0, Culture=neutral, PublicKeyToken=b77a5c561934e089&amp;namespace=System.Xml&amp;class=XmlTextWriter">XmlTextWriter</a>
                  </td>
	</tr><tr>
		<td>
                    <a href="classbrowser.aspx?assembly=System.Xml, Version=1.0.5000.0, Culture=neutral, PublicKeyToken=b77a5c561934e089&amp;namespace=System.Xml&amp;class=XmlConvert">XmlConvert</a>
                  </td><td>
                    <a href="classbrowser.aspx?assembly=System.Xml, Version=1.0.5000.0, Culture=neutral, PublicKeyToken=b77a5c561934e089&amp;namespace=System.Xml&amp;class=XmlNodeChangedEventHandler">XmlNodeChangedEventHandler</a>
                  </td><td>
                    <a href="classbrowser.aspx?assembly=System.Xml, Version=1.0.5000.0, Culture=neutral, PublicKeyToken=b77a5c561934e089&amp;namespace=System.Xml&amp;class=XmlTokenizedType">XmlTokenizedType</a>
                  </td>
	</tr><tr>
		<td>
                    <a href="classbrowser.aspx?assembly=System.Data, Version=1.0.5000.0, Culture=neutral, PublicKeyToken=b77a5c561934e089&amp;namespace=System.Xml&amp;class=XmlDataDocument">XmlDataDocument</a>
                  </td><td>
                    <a href="classbrowser.aspx?assembly=System.Xml, Version=1.0.5000.0, Culture=neutral, PublicKeyToken=b77a5c561934e089&amp;namespace=System.Xml&amp;class=XmlNodeList">XmlNodeList</a>
                  </td><td>
                    <a href="classbrowser.aspx?assembly=System.Xml, Version=1.0.5000.0, Culture=neutral, PublicKeyToken=b77a5c561934e089&amp;namespace=System.Xml&amp;class=XmlUrlResolver">XmlUrlResolver</a>
                  </td>
	</tr><tr>
		<td>
                    <a href="classbrowser.aspx?assembly=System.Xml, Version=1.0.5000.0, Culture=neutral, PublicKeyToken=b77a5c561934e089&amp;namespace=System.Xml&amp;class=XmlDeclaration">XmlDeclaration</a>
                  </td><td>
                    <a href="classbrowser.aspx?assembly=System.Xml, Version=1.0.5000.0, Culture=neutral, PublicKeyToken=b77a5c561934e089&amp;namespace=System.Xml&amp;class=XmlNodeOrder">XmlNodeOrder</a>
                  </td><td>
                    <a href="classbrowser.aspx?assembly=System.Xml, Version=1.0.5000.0, Culture=neutral, PublicKeyToken=b77a5c561934e089&amp;namespace=System.Xml&amp;class=XmlValidatingReader">XmlValidatingReader</a>
                  </td>
	</tr><tr>
		<td>
                    <a href="classbrowser.aspx?assembly=System.Xml, Version=1.0.5000.0, Culture=neutral, PublicKeyToken=b77a5c561934e089&amp;namespace=System.Xml&amp;class=XmlDocument">XmlDocument</a>
                  </td><td>
                    <a href="classbrowser.aspx?assembly=System.Xml, Version=1.0.5000.0, Culture=neutral, PublicKeyToken=b77a5c561934e089&amp;namespace=System.Xml&amp;class=XmlNodeReader">XmlNodeReader</a>
                  </td><td>
                    <a href="classbrowser.aspx?assembly=System.Xml, Version=1.0.5000.0, Culture=neutral, PublicKeyToken=b77a5c561934e089&amp;namespace=System.Xml&amp;class=XmlWhitespace">XmlWhitespace</a>
                  </td>
	</tr><tr>
		<td>
                    <a href="classbrowser.aspx?assembly=System.Xml, Version=1.0.5000.0, Culture=neutral, PublicKeyToken=b77a5c561934e089&amp;namespace=System.Xml&amp;class=XmlDocumentFragment">XmlDocumentFragment</a>
                  </td><td>
                    <a href="classbrowser.aspx?assembly=System.Xml, Version=1.0.5000.0, Culture=neutral, PublicKeyToken=b77a5c561934e089&amp;namespace=System.Xml&amp;class=XmlNodeType">XmlNodeType</a>
                  </td><td>
                    <a href="classbrowser.aspx?assembly=System.Xml, Version=1.0.5000.0, Culture=neutral, PublicKeyToken=b77a5c561934e089&amp;namespace=System.Xml&amp;class=XmlWriter">XmlWriter</a>
                  </td>
	</tr><tr>
		<td>
                    <a href="classbrowser.aspx?assembly=System.Xml, Version=1.0.5000.0, Culture=neutral, PublicKeyToken=b77a5c561934e089&amp;namespace=System.Xml&amp;class=XmlDocumentType">XmlDocumentType</a>
                  </td>
	</tr>
</table>
              </td>
            </tr>
          </table>

          <table class="main" width=100% >
            <tr>
              <td class="main_header" >
                <span id="IHeader" style="text-indent:8"> <b><font size=4 color=#000666>Interfaces in
                   System.Xml  </font> </b> </span>
              </td>
            </tr>
            <tr>
              <td align="left">
                <table id="Interfaces" cellspacing="0" border="0">
	<tr>
		<td>
                    <a href="classbrowser.aspx?assembly=System.Xml, Version=1.0.5000.0, Culture=neutral, PublicKeyToken=b77a5c561934e089&amp;namespace=System.Xml&amp;class=IHasXmlNode">IHasXmlNode</a>
                  </td><td>
                    <a href="classbrowser.aspx?assembly=System.Xml, Version=1.0.5000.0, Culture=neutral, PublicKeyToken=b77a5c561934e089&amp;namespace=System.Xml&amp;class=IXmlLineInfo">IXmlLineInfo</a>
                  </td>
	</tr>
</table>
              </td>
            </tr>
          </table>

          </div>

          <table class="main" width=100% cellpadding=0 cellspacing=0 >
            <tr>
              <td class="main_header" valign="top" >
                

                 <p>

                 

                 <p>

                 

                  <p>

                  

                   <p>

                  

                    <p>

                    

                    <p>

                    

                    <p>

                    

                    <p>

                  </td>
                </tr>
              </table>

            </td>
          </tr>
        </table>
    </form>
	<!-- links --><TABLE cellSpacing=0 cellPadding=2 width="100%" align=left border=0>
<TR><TD height=15><FONT face="Arial, Helvetica" size=1>Links: <a href="http://www.csharpfriends.com">C# ASP.NET</a>&nbsp;<a href="http://www.csharpfriends.com/statics/asp.net-hosting.aspx">.net hosting</a>&nbsp;
<a href="http://www.csharpfriends.com/statics/go-to-my-pc.aspx">Go To My Pc</a>&nbsp;<a href="http://www.csharpfriends.com/free/remote-control-pc.aspx">Remote Pc Control</a>&nbsp;<a href="http://www.csharpfriends.com/free/zone-alarm.aspx">zone alarm</a>&nbsp;<a href="http://www.csharpfriends.com/free/zonealarm.aspx">zonealarm</a>&nbsp;<a href="http://www.csharpfriends.com/dotnet/">asp.net</a>&nbsp;<a href="http://www.csharpfriends.com/dotnet/top/free/gotomypc/go_to_my_pc.aspx">pcanywhere</a>&nbsp;<a href="http://www.csharpfriends.com/statics/ad-server.aspx">ad server</a> &nbsp;<a href="http://www.spamblockerstoday.com">spam blockers</a> &nbsp;
</FONT></TD></TR></TBODY></TABLE><!-- /links -->
  </body>
</html>      